{"AUC": 0.9532593880659499, "confusion_matrix": {"_type": "image-file", "sha256": "ef22fdc1ef866b6e141851c1ab920bc1d1abfe6ad5b7e032298d195747b87bcb", "size": 93074, "path": "media/images/confusion_matrix_0_ef22fdc1ef866b6e1418.png", "format": "png", "width": 1000, "height": 1000}, "_timestamp": 1669040218.2053444, "_runtime": 13.795223474502563, "_step": 0, "_wandb": {"runtime": 12}}